{"cameraMode":{"drawMode":0,"name":"Shaded","section":"Shading Mode"},"sceneLighting":true,"audioPlay":false,"sceneViewState":{"m_AlwaysRefresh":false,"showFog":true,"showSkybox":true,"showFlares":true,"showImageEffects":true,"showParticleSystems":true,"showVisualEffectGraphs":true,"m_FxEnabled":true},"in2DMode":false,"pivot":{"x":-18.919998168945314,"y":-3.897650718688965,"z":33.599998474121097},"rotation":{"x":0.24148736894130708,"y":0.0014556054957211018,"z":-0.0003623019438236952,"w":0.970404863357544},"size":20.273637771606447,"orthographic":false}